store_id,model_name,fold,train_end_date,test_start_date,test_end_date,mae,rmse,mape,wmape,bias
20,naive,1,2015-03-27,2015-03-28,2015-05-08,1383.920634920635,1658.2253737690905,15.79697386833368,16.035452462140025,-8.092121961178119
20,seasonal_naive,1,2015-03-27,2015-03-28,2015-05-08,1117.2380952380952,1347.1223729976011,12.113629706758832,12.945408799479138,-10.15046513424337
20,moving_average_7,1,2015-03-27,2015-03-28,2015-05-08,1449.815192743764,1740.5151968356156,16.27448737640661,16.79897099262795,-10.150465134243367
20,holt_winters,1,2015-03-27,2015-03-28,2015-05-08,786.620474168025,908.7140983934614,9.01878868181381,9.114551008910121,-2.7230663552747907
20,sarima,1,2015-03-27,2015-03-28,2015-05-08,927.2326825226565,1101.669982145481,10.148090584640238,10.743821015998735,-7.587496970967482
20,naive,2,2015-05-08,2015-05-09,2015-06-19,1089.0198412698412,1317.1551140912447,13.456318394871552,12.921541678496649,-2.4672750926269904
20,seasonal_naive,2,2015-05-08,2015-05-09,2015-06-19,1160.0357142857142,1329.9386425656703,14.502190183333195,13.76416596157622,9.832798217945694
20,moving_average_7,2,2015-05-08,2015-05-09,2015-06-19,1201.6445578231292,1542.2081536337896,16.33634459035144,14.257867164793812,9.832798217945689
20,holt_winters,2,2015-05-08,2015-05-09,2015-06-19,1037.7427686331764,1235.0233177012099,13.03217570996727,12.313124084880199,9.784474167721068
20,sarima,2,2015-05-08,2015-05-09,2015-06-19,797.3746419096867,951.0954879918397,9.638515303785775,9.46108535249301,2.901231489380372
20,naive,3,2015-06-19,2015-06-20,2015-07-31,1433.3333333333333,1774.7148060624115,18.34062610715084,16.989092551044884,0.808534055793083
20,seasonal_naive,3,2015-06-19,2015-06-20,2015-07-31,1164.4761904761904,1479.7604173842274,13.78712141224475,13.802367748945239,0.5892562333319223
20,moving_average_7,3,2015-06-19,2015-06-20,2015-07-31,1431.5714285714287,1774.1000434828115,18.280015635760748,16.968208948905726,0.5892562333319223
20,holt_winters,3,2015-06-19,2015-06-20,2015-07-31,1081.573417192275,1273.1907161334636,13.550525156090071,12.819733175881003,5.6061200612285855
20,sarima,3,2015-06-19,2015-06-20,2015-07-31,999.2670201058046,1228.5286326329904,12.076133564302022,11.844167363570472,1.5213878815833903
29,naive,1,2015-03-27,2015-03-28,2015-05-08,2293.654761904762,2810.694566549089,22.544723140609634,24.117471074731903,-15.744383622346092
29,seasonal_naive,1,2015-03-27,2015-03-28,2015-05-08,2946.559523809524,3693.532880171065,27.61932993327517,30.98267675926842,-27.524037107460668
29,moving_average_7,1,2015-03-27,2015-03-28,2015-05-08,2842.6649659863942,3536.9411908094967,26.340321369402265,29.89023946890631,-27.524037107460668
29,holt_winters,1,2015-03-27,2015-03-28,2015-05-08,2244.3185650828846,2683.3766945880766,22.214493397159536,23.598707606248624,-16.248409591131505
29,sarima,1,2015-03-27,2015-03-28,2015-05-08,1693.103625333823,1991.0519163885674,18.695486019076917,17.802756713308582,-4.7326341405105845
29,naive,2,2015-05-08,2015-05-09,2015-06-19,1396.3690476190477,2095.686117616717,14.58150538990516,15.606102738568675,-5.7622635534734705
29,seasonal_naive,2,2015-05-08,2015-05-09,2015-06-19,1901.2261904761904,2482.858643110128,24.30820937253712,21.248488219085495,15.51722532154865
29,moving_average_7,2,2015-05-08,2015-05-09,2015-06-19,2113.3928571428573,2460.442027408509,26.11892985345108,23.619705773173656,15.51722532154865
29,holt_winters,2,2015-05-08,2015-05-09,2015-06-19,1531.688480636571,2000.359074979857,16.589923134909686,17.11846007547555,-6.00067906074371
29,sarima,2,2015-05-08,2015-05-09,2015-06-19,1653.5010211420997,2035.9326592487607,20.776076067579645,18.47986165138184,11.611670255274445
29,naive,3,2015-06-19,2015-06-20,2015-07-31,1745.8333333333333,2032.457124833317,23.342148536862975,22.030501691533917,10.364926660136884
29,seasonal_naive,3,2015-06-19,2015-06-20,2015-07-31,2547.9285714285716,3133.2534019693303,35.50295122298708,32.152063791559755,30.6065486098175
29,moving_average_7,3,2015-06-19,2015-06-20,2015-07-31,2823.316326530613,3055.983401070603,39.78717657035154,35.627155192764484,30.60654860981752
29,holt_winters,3,2015-06-19,2015-06-20,2015-07-31,1795.5154192146483,2078.9497479149363,25.047239171744685,22.657435119914197,16.183853398971596
29,sarima,3,2015-06-19,2015-06-20,2015-07-31,1078.4821475875724,1317.7771075603175,14.022262183148143,13.609261733680466,2.4591132799576667
98,naive,1,2015-03-27,2015-03-28,2015-05-08,1440.345238095238,1745.1270846751152,21.560396775535384,23.30705112028495,-17.732884615755072
98,seasonal_naive,1,2015-03-27,2015-03-28,2015-05-08,1731.4404761904761,2113.6041479065134,25.42714754872061,28.017429865403994,-25.22726440882358
98,moving_average_7,1,2015-03-27,2015-03-28,2015-05-08,1703.0527210884352,2067.621263995544,24.784731170820873,27.558071343673205,-25.227264408823576
98,holt_winters,1,2015-03-27,2015-03-28,2015-05-08,1907.8464845142018,2295.7312151943306,27.900459581660797,30.871956506088882,-30.481407246805688
98,sarima,1,2015-03-27,2015-03-28,2015-05-08,1166.5354284640814,1391.7112013736128,18.69253752087148,18.876377791751413,-8.587857114373234
98,naive,2,2015-05-08,2015-05-09,2015-06-19,1077.392857142857,1282.1082585492584,20.812229936724385,18.57074555076529,10.366875901594604
98,seasonal_naive,2,2015-05-08,2015-05-09,2015-06-19,1097.1309523809523,1412.5510804548555,21.706374892157733,18.91096605797702,12.409430140910386
98,moving_average_7,2,2015-05-08,2015-05-09,2015-06-19,1141.2738095238096,1341.7843453764672,22.194722167978682,19.671845214033173,12.409430140910386
98,holt_winters,2,2015-05-08,2015-05-09,2015-06-19,997.4286004861943,1247.743188559047,17.875182655203243,17.192422078800718,-1.175281198929729
98,sarima,2,2015-05-08,2015-05-09,2015-06-19,1094.1203857265982,1361.2785712284117,21.619057137762805,18.859073689347536,12.969129400982544
98,naive,3,2015-06-19,2015-06-20,2015-07-31,1218.202380952381,1459.5529831815925,23.29015155832658,21.519072523747337,11.198733194960536
98,seasonal_naive,3,2015-06-19,2015-06-20,2015-07-31,1080.1309523809523,1401.3554768933711,21.323155709386363,19.080094295381755,11.210089017027425
98,moving_average_7,3,2015-06-19,2015-06-20,2015-07-31,1218.5085034013605,1459.8323263027048,23.297392938022444,21.524480058064903,11.210089017027418
98,holt_winters,3,2015-06-19,2015-06-20,2015-07-31,1004.0382058392572,1268.8461236063079,17.890220720866502,17.73594544379133,0.2783125517676638
98,sarima,3,2015-06-19,2015-06-20,2015-07-31,965.4168910188951,1241.8557146284616,17.728770205101657,17.053714898541447,3.9335183254705224
192,naive,1,2015-03-27,2015-03-28,2015-05-08,2600.690476190476,3057.541557254557,18.417715135016664,18.466222715876565,-9.25551176909149
192,seasonal_naive,1,2015-03-27,2015-03-28,2015-05-08,2928.5238095238096,3681.3576792311096,19.49230997871498,20.794005819035107,-17.87907835410232
192,moving_average_7,1,2015-03-27,2015-03-28,2015-05-08,3215.7380952380954,3740.2903796815863,21.51783178188117,22.833373062364434,-17.87907835410232
192,holt_winters,1,2015-03-27,2015-03-28,2015-05-08,2716.535381427002,3342.6353365976706,18.32090376058644,19.288780355927166,-15.40931029192356
192,sarima,1,2015-03-27,2015-03-28,2015-05-08,2044.2188016375928,2532.1058322116264,14.628510566180019,14.514991313505824,-6.802585204795189
192,naive,2,2015-05-08,2015-05-09,2015-06-19,1897.845238095238,2343.7268041885677,15.641216779854899,13.893461874661748,0.8566032704135035
192,seasonal_naive,2,2015-05-08,2015-05-09,2015-06-19,2220.2023809523807,2581.461220139605,17.518005588578646,16.25332588486185,7.997375023857477
192,moving_average_7,2,2015-05-08,2015-05-09,2015-06-19,1908.5107709750564,2583.174353549373,16.784526621572056,13.97154051430226,7.997375023857472
192,holt_winters,2,2015-05-08,2015-05-09,2015-06-19,1612.065968483858,2112.3137094177323,13.818393404877769,11.801371694063393,4.164763341235898
192,sarima,2,2015-05-08,2015-05-09,2015-06-19,1725.7801713073811,2174.8669183498573,14.470170995805919,12.633833640814021,5.742935886091623
192,naive,3,2015-06-19,2015-06-20,2015-07-31,2741.440476190476,3377.6484978458016,24.19873170780687,20.522415659993136,14.633074739661081
192,seasonal_naive,3,2015-06-19,2015-06-20,2015-07-31,2407.7738095238096,2947.095057808944,20.64203485934796,18.024587935959076,10.030790619332587
192,moving_average_7,3,2015-06-19,2015-06-20,2015-07-31,2499.3962585034014,3063.1675394924123,21.65623971202954,18.710473330180218,10.030790619332592
192,holt_winters,3,2015-06-19,2015-06-20,2015-07-31,2843.960144394477,3348.2662378976875,24.547921682891964,21.28987760654277,17.070974105358623
192,sarima,3,2015-06-19,2015-06-20,2015-07-31,2165.1812359962773,2479.310179294425,17.457654328630674,16.208540615873638,5.239709973284911
198,naive,1,2015-03-27,2015-03-28,2015-05-08,1398.75,1805.3490712823086,49.000055099774734,45.05677395109119,-32.06453171556653
198,seasonal_naive,1,2015-03-27,2015-03-28,2015-05-08,1475.845238095238,1954.5995000735652,39.25937199216475,47.54017893093941,-45.85594257030115
198,moving_average_7,1,2015-03-27,2015-03-28,2015-05-08,1627.362244897959,2072.426753043618,50.03596933258194,52.42087063800367,-45.85594257030113
198,holt_winters,1,2015-03-27,2015-03-28,2015-05-08,1479.2837278090421,1768.984255518496,48.50905071163325,47.650940149004114,-44.224383751294
198,sarima,1,2015-03-27,2015-03-28,2015-05-08,880.6026960703523,1040.8178676253424,30.758037379079724,28.366124480831683,-12.565281527220435
198,naive,2,2015-05-08,2015-05-09,2015-06-19,1324.6190476190477,1568.4466003327107,85.9464355072749,48.68985314452749,31.592305403371196
198,seasonal_naive,2,2015-05-08,2015-05-09,2015-06-19,1000.6428571428571,1371.7141518136038,55.41449976603515,36.781257110850504,32.0937844602755
198,moving_average_7,2,2015-05-08,2015-05-09,2015-06-19,1333.0646258503402,1575.9639232593386,86.50987482702148,49.00029256070635,32.0937844602755
198,holt_winters,2,2015-05-08,2015-05-09,2015-06-19,911.3999453386457,1165.8444215016145,48.176296122247116,33.5008994278265,23.9441850551466
198,sarima,2,2015-05-08,2015-05-09,2015-06-19,825.7505146027606,1022.8063283459054,39.54756755679534,30.35262958228978,13.670509360057048
198,naive,3,2015-06-19,2015-06-20,2015-07-31,1293.047619047619,1541.2554985805443,85.95629470134104,47.961283371455316,29.59826199076241
198,seasonal_naive,3,2015-06-19,2015-06-20,2015-07-31,1005.8571428571429,1396.2070985010648,47.17450561556634,37.30891171301652,31.693940812307364
198,moving_average_7,3,2015-06-19,2015-06-20,2015-07-31,1326.8809523809523,1571.2517530391403,88.31408798632484,49.21621788701174,31.693940812307364
198,holt_winters,3,2015-06-19,2015-06-20,2015-07-31,884.5866317334958,1116.9888523667514,45.763996099349754,32.8107870786845,21.669354338563494
198,sarima,3,2015-06-19,2015-06-20,2015-07-31,677.6190107332991,836.5286812173741,30.804912444035047,25.13401433398264,7.251299864692775
299,naive,1,2015-03-27,2015-03-28,2015-05-08,2240.8928571428573,3100.490334685175,40.046662208797066,33.44194318058667,-11.787247877399972
299,seasonal_naive,1,2015-03-27,2015-03-28,2015-05-08,2109.3690476190477,3091.371876268035,27.20875026107968,31.47914886359397,-27.44838515396956
299,moving_average_7,1,2015-03-27,2015-03-28,2015-05-08,2587.6343537414964,3517.4014501808997,39.1474054838465,38.61653659795685,-27.44838515396956
299,holt_winters,1,2015-03-27,2015-03-28,2015-05-08,2087.14264831334,3030.8289255188606,30.538182740877595,31.14745340554418,-20.460140564665874
299,sarima,1,2015-03-27,2015-03-28,2015-05-08,2134.132209496608,3070.3087825805123,29.949109274619833,31.8487016736899,-22.931688503028592
299,naive,2,2015-05-08,2015-05-09,2015-06-19,1724.0238095238096,1992.012030227586,28.970168440805207,25.082182432877133,-11.020586309740308
299,seasonal_naive,2,2015-05-08,2015-05-09,2015-06-19,1548.595238095238,1793.2210776514237,23.33394064289819,22.529937267698234,-6.604038283677478
299,moving_average_7,2,2015-05-08,2015-05-09,2015-06-19,1566.6564625850342,1897.460625818257,27.829629606075684,22.792703318324495,-6.604038283677481
299,holt_winters,2,2015-05-08,2015-05-09,2015-06-19,1334.445927988521,1572.5094058757506,21.21671064243357,19.414358448949166,-15.641569851490697
299,sarima,2,2015-05-08,2015-05-09,2015-06-19,1060.7055237113466,1327.4190004392256,16.651301850744595,15.431810921820713,-9.809458539251567
299,naive,3,2015-06-19,2015-06-20,2015-07-31,2182.095238095238,2586.8903560618323,28.569313993596495,26.095820591233437,-15.329813951104503
299,seasonal_naive,3,2015-06-19,2015-06-20,2015-07-31,1656.3333333333333,1978.0572840662676,19.547554281052822,19.808199363322114,-15.287103001725521
299,moving_average_7,3,2015-06-19,2015-06-20,2015-07-31,2180.394557823129,2585.1225013408507,28.559704563801574,26.07548204391011,-15.287103001725526
299,holt_winters,3,2015-06-19,2015-06-20,2015-07-31,1694.7689976976933,2048.27306661571,19.776969890048537,20.267854003525965,-15.703898130970142
299,sarima,3,2015-06-19,2015-06-20,2015-07-31,1667.4118324029794,2019.1623214647436,19.346303630922964,19.940687862950565,-15.954022103597229
335,naive,1,2015-03-27,2015-03-28,2015-05-08,4898.690476190476,5991.4508756425685,33.27352197945569,33.71437373311987,-15.787886782497266
335,seasonal_naive,1,2015-03-27,2015-03-28,2015-05-08,4130.690476190476,5588.816402934908,23.95573968644779,28.42874910488825,-22.152069858863204
335,moving_average_7,1,2015-03-27,2015-03-28,2015-05-08,5066.812925170068,6402.743569305717,32.14634040967223,34.871446854064075,-22.15206985886321
335,holt_winters,1,2015-03-27,2015-03-28,2015-05-08,4471.589581387701,5481.706304230141,29.072782579914808,30.774927107717126,-25.69750234235228
335,sarima,1,2015-03-27,2015-03-28,2015-05-08,3108.686601465085,3852.1757891782313,21.871763217086883,21.394987580934256,-3.784079233628966
335,naive,2,2015-05-08,2015-05-09,2015-06-19,4861.761904761905,5519.96642933201,43.32940255020618,34.70456067358059,20.77949889356842
335,seasonal_naive,2,2015-05-08,2015-05-09,2015-06-19,3057.8571428571427,4207.68218630547,24.489910117798818,21.827804574610198,15.765375319947381
335,moving_average_7,2,2015-05-08,2015-05-09,2015-06-19,4527.435374149661,5184.00387114578,39.5547122518691,32.31804821293211,15.765375319947388
335,holt_winters,2,2015-05-08,2015-05-09,2015-06-19,3204.5376455747373,3831.4586530827623,25.697455119082335,22.874849350951084,12.859725954248058
335,sarima,2,2015-05-08,2015-05-09,2015-06-19,2530.767040003063,3231.7480652032423,18.190841448608023,18.06529402529133,2.6031244419006696
335,naive,3,2015-06-19,2015-06-20,2015-07-31,4836.619047619048,5690.040580657032,45.55415022368801,36.15365722564133,21.251739713886032
335,seasonal_naive,3,2015-06-19,2015-06-20,2015-07-31,3812.3333333333335,4959.844059568617,29.624888810606514,28.497136368652047,23.52733886956862
335,moving_average_7,3,2015-06-19,2015-06-20,2015-07-31,4977.442176870749,5848.097845878265,47.276903092266764,37.206308074153895,23.52733886956863
335,holt_winters,3,2015-06-19,2015-06-20,2015-07-31,3468.088952056555,4163.286690924032,29.23498699066168,25.92391461188368,16.96132246035404
335,sarima,3,2015-06-19,2015-06-20,2015-07-31,2546.1997886407325,3376.304168279425,19.48839628075944,19.032806487381652,6.683982392729329
475,naive,1,2015-03-27,2015-03-28,2015-05-08,1875.5119047619048,2231.3786682773916,23.933500624493643,26.2383188076565,-23.894668996104464
475,seasonal_naive,1,2015-03-27,2015-03-28,2015-05-08,1770.1785714285713,2157.405419061463,22.525353531672224,24.76471068282617,-22.845422704690463
475,moving_average_7,1,2015-03-27,2015-03-28,2015-05-08,1825.5119047619048,2174.5062765965226,23.344348519132797,25.538821280047163,-22.845422704690463
475,holt_winters,1,2015-03-27,2015-03-28,2015-05-08,1666.579923439302,2007.3764232860874,21.36171324907212,23.315370720182898,-20.8542444945627
475,sarima,1,2015-03-27,2015-03-28,2015-05-08,1283.251197032659,1498.9405675527676,17.604929340470882,17.952620792521266,-9.376579384146606
475,naive,2,2015-05-08,2015-05-09,2015-06-19,1043.0833333333333,1329.143953381094,13.839320690994098,14.964790837248785,-11.782217280585344
475,seasonal_naive,2,2015-05-08,2015-05-09,2015-06-19,1321.2261904761904,1592.5694441762373,20.096826091361667,18.955219547020416,13.238406082995589
475,moving_average_7,2,2015-05-08,2015-05-09,2015-06-19,1196.392857142857,1394.1447732604831,18.89221521732759,17.164274698079083,13.238406082995589
475,holt_winters,2,2015-05-08,2015-05-09,2015-06-19,874.9794244424908,1154.0577480602901,11.988758084793865,12.553056553817878,-7.460392692507714
475,sarima,2,2015-05-08,2015-05-09,2015-06-19,811.2264900129525,1042.0962710266094,11.326519758789685,11.638413113058391,-4.790592897269329
475,naive,3,2015-06-19,2015-06-20,2015-07-31,1090.3095238095239,1328.1203151177876,17.27208585253048,17.65390739148705,-1.4576337834868327
475,seasonal_naive,3,2015-06-19,2015-06-20,2015-07-31,1534.642857142857,1919.4427731828343,28.499396083763344,24.848396063116585,21.95201875146978
475,moving_average_7,3,2015-06-19,2015-06-20,2015-07-31,1686.3945578231294,1895.7556877274615,30.635460811547393,27.305506096375552,21.952018751469783
475,holt_winters,3,2015-06-19,2015-06-20,2015-07-31,1093.7789292896148,1295.8977447767413,18.493213896265335,17.710082781788184,3.7277647829770637
475,sarima,3,2015-06-19,2015-06-20,2015-07-31,1136.0089146641906,1315.9453161395031,19.80824550119729,18.3938558156527,8.07951963491612
494,naive,1,2015-03-27,2015-03-28,2015-05-08,1681.0,2098.093102478216,20.370048379857536,21.246591914486395,-9.894733040824802
494,seasonal_naive,1,2015-03-27,2015-03-28,2015-05-08,1803.7619047619048,2295.9039717764867,21.609817686078273,22.79821124412425,-9.416246862755719
494,moving_average_7,1,2015-03-27,2015-03-28,2015-05-08,1673.7891156462586,2084.2635055443966,20.377070878966666,21.155451690092285,-9.416246862755715
494,holt_winters,1,2015-03-27,2015-03-28,2015-05-08,1691.420615568001,2081.588123714099,20.083672985182176,21.37830075831213,-14.554575258511646
494,sarima,1,2015-03-27,2015-03-28,2015-05-08,1364.0153374795668,1695.0830649764841,18.276056728701498,17.240141130594168,0.4951857029726868
494,naive,2,2015-05-08,2015-05-09,2015-06-19,1138.5714285714287,1433.4679061964514,15.461100526477537,14.412296564195298,0.6582278481012658
494,seasonal_naive,2,2015-05-08,2015-05-09,2015-06-19,1183.1904761904761,1509.9543197127016,15.976658814389832,14.977094635322482,2.5207956600361663
494,moving_average_7,2,2015-05-08,2015-05-09,2015-06-19,1145.578231292517,1446.3001471500509,15.835304598176187,14.500990269525532,2.520795660036163
494,holt_winters,2,2015-05-08,2015-05-09,2015-06-19,948.9373293520827,1104.8930215172481,12.337639859439294,12.011864928507377,0.8015998878206726
494,sarima,2,2015-05-08,2015-05-09,2015-06-19,933.5084815718496,1090.4006382872165,12.142807339621783,11.816563057871514,0.8174619986542668
494,naive,3,2015-06-19,2015-06-20,2015-07-31,1592.904761904762,1906.711954174116,24.41968397640401,20.97806932276413,12.46919232144089
494,seasonal_naive,3,2015-06-19,2015-06-20,2015-07-31,1361.2380952380952,1743.0241371986629,19.19609830158462,17.927090061897566,11.477702452698848
494,moving_average_7,3,2015-06-19,2015-06-20,2015-07-31,1563.5102040816328,1870.4694470589336,23.86026898622778,20.590951971825817,11.477702452698855
494,holt_winters,3,2015-06-19,2015-06-20,2015-07-31,1388.3256678865935,1621.1151876815256,20.205306527884233,18.283825122521094,11.543954113090134
494,sarima,3,2015-06-19,2015-06-20,2015-07-31,1102.3799807479966,1375.91231561283,15.41530193464134,14.51800773607175,4.952375086075956
512,naive,1,2015-03-27,2015-03-28,2015-05-08,1049.0238095238096,1396.4841141067022,15.592772120619426,16.100669841072623,-4.62603280869149
512,seasonal_naive,1,2015-03-27,2015-03-28,2015-05-08,1075.595238095238,1561.4595049870125,14.591764541523014,16.508494520312667,-13.576249693948775
512,moving_average_7,1,2015-03-27,2015-03-28,2015-05-08,1195.9013605442174,1625.3453604746055,16.570898086153278,18.354981835305022,-13.57624969394877
512,holt_winters,1,2015-03-27,2015-03-28,2015-05-08,1030.9884325868989,1514.2281563657268,13.91908992908494,15.823858536234548,-13.529687746663162
512,sarima,1,2015-03-27,2015-03-28,2015-05-08,906.1637726815723,1335.6014900593173,12.42328145886495,13.908019621127233,-7.855163816536151
512,naive,2,2015-05-08,2015-05-09,2015-06-19,1146.3095238095239,1329.3590202657463,18.561819013520335,17.35173805705224,7.609248013262934
512,seasonal_naive,2,2015-05-08,2015-05-09,2015-06-19,690.6904761904761,1030.5136144291396,10.03233404955857,10.45501234389923,-1.5940749283693438
512,moving_average_7,2,2015-05-08,2015-05-09,2015-06-19,976.0238095238095,1235.1468680745159,14.626587094786391,14.77411565422666,-1.5940749283693438
512,holt_winters,2,2015-05-08,2015-05-09,2015-06-19,683.7200403363362,1024.3324929867936,9.516543208452932,10.34950054750189,-5.194048527586923
512,sarima,2,2015-05-08,2015-05-09,2015-06-19,719.4234749149283,1018.8842838545769,10.124133399246588,10.889945018804891,-3.3075568265781716
512,naive,3,2015-06-19,2015-06-20,2015-07-31,1201.5238095238096,1395.7331406827022,20.03085044032869,18.26592440837719,13.257128792430702
512,seasonal_naive,3,2015-06-19,2015-06-20,2015-07-31,566.6190476190476,683.9475404555807,8.658182736592062,8.613912275494616,-0.37499004611364084
512,moving_average_7,3,2015-06-19,2015-06-20,2015-07-31,875.34693877551,1090.051555917344,13.3875384306297,13.307286037980926,-0.3749900461136349
512,holt_winters,3,2015-06-19,2015-06-20,2015-07-31,563.0353716367099,717.9377811103517,8.850068347268314,8.559432161094355,1.7215245422512473
512,sarima,3,2015-06-19,2015-06-20,2015-07-31,550.2959671781113,708.7422718008444,8.5547171421804,8.365763923308263,0.8987506671816452
524,naive,1,2015-03-27,2015-03-28,2015-05-08,2846.8690476190477,3654.5901771738017,95.52677057251441,34.504864707316756,-0.5288195852265267
524,seasonal_naive,1,2015-03-27,2015-03-28,2015-05-08,2475.6309523809523,3297.5484806357067,34.57501140711719,30.005353125951405,-24.18934771222403
524,moving_average_7,1,2015-03-27,2015-03-28,2015-05-08,3542.2023809523816,4163.801004115199,81.97401374824702,42.93250299760626,-24.18934771222402
524,holt_winters,1,2015-03-27,2015-03-28,2015-05-08,2681.461343367419,3384.840621585708,66.97796809099339,32.50007616197653,-14.318696932411134
524,sarima,1,2015-03-27,2015-03-28,2015-05-08,2544.407568955591,3210.0838138053987,61.57834413561939,30.838945332069795,-13.17273616838827
524,naive,2,2015-05-08,2015-05-09,2015-06-19,2497.714285714286,3567.98250983328,99.63567678675444,35.18143403313435,29.473472399221944
524,seasonal_naive,2,2015-05-08,2015-05-09,2015-06-19,1965.1904761904761,3006.432738233771,55.536595376227524,27.680595613387887,23.795023140385002
524,moving_average_7,2,2015-05-08,2015-05-09,2015-06-19,2310.8503401360545,3347.5199318118407,93.24133916561915,32.549370945641655,23.79502314038501
524,holt_winters,2,2015-05-08,2015-05-09,2015-06-19,1398.6749330968114,2245.4714757859592,45.675643196977155,19.70096827086528,14.556340735456036
524,sarima,2,2015-05-08,2015-05-09,2015-06-19,1563.1588903139696,2404.6297706070823,48.83998422551274,22.01779911234379,18.170963917872346
524,naive,3,2015-06-19,2015-06-20,2015-07-31,2189.0476190476193,2834.9066080191205,54.97192387051516,28.466511443574756,6.945407708312692
524,seasonal_naive,3,2015-06-19,2015-06-20,2015-07-31,1191.6190476190477,1508.8805847540152,15.65044385951577,15.495888239373823,1.948132368968592
524,moving_average_7,3,2015-06-19,2015-06-20,2015-07-31,2143.3537414965986,2788.1679731068034,51.85027645880679,27.872305416766917,1.9481323689685877
524,holt_winters,3,2015-06-19,2015-06-20,2015-07-31,1237.9343146372812,1447.2010518202067,15.944345583510048,16.09817485347698,-0.5633907045445599
524,sarima,3,2015-06-19,2015-06-20,2015-07-31,1162.330638160225,1447.0864815247098,14.297349643669937,15.115019940407166,-5.292903998224044
565,naive,1,2015-03-27,2015-03-28,2015-05-08,2026.202380952381,2595.586846433953,24.179157413250955,27.606414642018922,-24.423747865057006
565,seasonal_naive,1,2015-03-27,2015-03-28,2015-05-08,2106.3928571428573,2683.1980907207762,24.921175454484207,28.69898641908627,-27.342354836041245
565,moving_average_7,1,2015-03-27,2015-03-28,2015-05-08,2152.811224489796,2747.901554810865,25.529640023124028,29.33142309374007,-27.342354836041245
565,holt_winters,1,2015-03-27,2015-03-28,2015-05-08,2334.7572686694916,2793.8658143449675,28.94744814417442,31.810384714414337,-30.553949460325835
565,sarima,1,2015-03-27,2015-03-28,2015-05-08,1962.8501258104384,2383.8029702665276,24.49530401257347,26.743258700442453,-23.800509675351833
565,naive,2,2015-05-08,2015-05-09,2015-06-19,1550.2857142857142,1770.3207149729774,23.57608253142854,21.55541136432856,10.62144947495266
565,seasonal_naive,2,2015-05-08,2015-05-09,2015-06-19,1538.8333333333333,2041.433139543765,24.274239077464006,21.39617569553875,18.269727346160465
565,moving_average_7,2,2015-05-08,2015-05-09,2015-06-19,1825.1156462585045,2068.095350253461,28.642169208498498,25.376689070956605,18.269727346160476
565,holt_winters,2,2015-05-08,2015-05-09,2015-06-19,1289.609769355496,1544.981952827876,19.481092149939606,17.9309328737009,8.349424366675509
565,sarima,2,2015-05-08,2015-05-09,2015-06-19,1354.1613486055578,1656.1571408404254,21.192754041375327,18.828467974573083,13.243074931474386
565,naive,3,2015-06-19,2015-06-20,2015-07-31,1491.7142857142858,1684.8590410165586,25.65317967311066,23.317057194747967,12.074612201149256
565,seasonal_naive,3,2015-06-19,2015-06-20,2015-07-31,1732.1190476190477,2170.7117276971408,29.857051679808954,27.074835501831068,24.167460624646445
565,moving_average_7,3,2015-06-19,2015-06-20,2015-07-31,1891.2857142857142,2152.327724268091,33.95049191220995,29.562777265013253,24.167460624646438
565,holt_winters,3,2015-06-19,2015-06-20,2015-07-31,1253.2536103210407,1424.0131463755927,20.954003982892118,19.589666996711415,8.86514824565009
565,sarima,3,2015-06-19,2015-06-20,2015-07-31,1130.4998035276965,1340.3291608950506,19.351846242554828,17.670896384078382,11.005180710433434
642,naive,1,2015-03-27,2015-03-28,2015-05-08,945.8809523809524,1132.0757314067869,21.392906274035152,23.18890490838728,-20.716324517420716
642,seasonal_naive,1,2015-03-27,2015-03-28,2015-05-08,1121.3095238095239,1356.7823022167063,25.14311941688155,27.48965380372288,-25.356790548625664
642,moving_average_7,1,2015-03-27,2015-03-28,2015-05-08,1082.4591836734694,1279.58056175497,24.366387276756114,26.53721170114565,-25.356790548625664
642,holt_winters,1,2015-03-27,2015-03-28,2015-05-08,958.8457925779919,1142.167491579133,21.759049758083517,23.50674664705938,-21.487916049201
642,sarima,1,2015-03-27,2015-03-28,2015-05-08,632.8628457857134,777.3240209013284,15.349736660913182,15.515056428650622,-7.761266542653394
642,naive,2,2015-05-08,2015-05-09,2015-06-19,451.0,563.9125649889182,12.891766689241877,11.863886609754418,4.617909195107133
642,seasonal_naive,2,2015-05-08,2015-05-09,2015-06-19,852.7380952380952,998.9833165106746,24.58193268946169,22.431902593620233,20.760235749494242
642,moving_average_7,2,2015-05-08,2015-05-09,2015-06-19,827.4251700680269,953.940261289376,24.092923885878335,21.766027485019592,20.760235749494232
642,holt_winters,2,2015-05-08,2015-05-09,2015-06-19,465.5730874549855,599.2420494547732,13.365971052711695,12.247242390508259,5.570075139812318
642,sarima,2,2015-05-08,2015-05-09,2015-06-19,430.1962480519572,570.9866893160355,12.229408408153441,11.316628618248792,3.17561002949534
642,naive,3,2015-06-19,2015-06-20,2015-07-31,538.8571428571429,620.3710007498969,18.50458847955854,16.930741954306747,10.063288298397593
642,seasonal_naive,3,2015-06-19,2015-06-20,2015-07-31,800.3095238095239,956.9634266783657,28.01925824075948,25.145503239223782,24.074240315992636
642,moving_average_7,3,2015-06-19,2015-06-20,2015-07-31,817.0408163265307,932.3956088638405,28.71253276345594,25.67119580899374,24.074240315992643
642,holt_winters,3,2015-06-19,2015-06-20,2015-07-31,520.6195591710314,622.9898964810692,18.113061725939495,16.35772213383554,10.408630492368136
642,sarima,3,2015-06-19,2015-06-20,2015-07-31,520.739941289162,619.627131203683,18.20686620832912,16.361504506594255,11.549774401493758
663,naive,1,2015-03-27,2015-03-28,2015-05-08,1188.5714285714287,1389.9537676449804,17.303997429477068,18.384844288618485,-17.338911640788428
663,seasonal_naive,1,2015-03-27,2015-03-28,2015-05-08,1405.2857142857142,1633.5889717341472,20.50869234404026,21.7369847676851,-21.157302377655345
663,moving_average_7,1,2015-03-27,2015-03-28,2015-05-08,1400.5850340136058,1595.7255808100906,20.472356546218464,21.664274560476798,-21.15730237765535
663,holt_winters,1,2015-03-27,2015-03-28,2015-05-08,1186.6928162086533,1414.100275722312,17.242027818173867,18.355785878717278,-17.730280240634983
663,sarima,1,2015-03-27,2015-03-28,2015-05-08,921.9364965724043,1097.4078283482265,13.601097877614269,14.260530352685905,-11.038652199016283
663,naive,2,2015-05-08,2015-05-09,2015-06-19,1118.1190476190477,1352.7868652932925,19.99662319167252,17.841850710657393,15.895853833674636
663,seasonal_naive,2,2015-05-08,2015-05-09,2015-06-19,932.3968253968253,1108.1273122758234,16.016692142131564,14.878277046836393,7.45344918638182
663,moving_average_7,2,2015-05-08,2015-05-09,2015-06-19,857.8492063492065,1027.5515736854877,14.986058480434957,13.688719018364509,7.453449186381824
663,holt_winters,2,2015-05-08,2015-05-09,2015-06-19,1023.3350429680494,1242.5308297671975,18.17125262231924,16.32938022342038,13.205479873543293
663,sarima,2,2015-05-08,2015-05-09,2015-06-19,799.430863340005,941.7971259365678,13.431024563179209,12.756536209249832,2.7205087680738442
663,naive,3,2015-06-19,2015-06-20,2015-07-31,1047.0833333333333,1257.024640342651,16.154070386138436,16.766395153557724,-5.270200975617196
663,seasonal_naive,3,2015-06-19,2015-06-20,2015-07-31,1098.154761904762,1310.5936654632437,19.322888681171076,17.584175100220932,7.986984145744018
663,moving_average_7,3,2015-06-19,2015-06-20,2015-07-31,1185.9404761904761,1311.7098868960895,20.619204060210784,18.989841609939933,7.986984145744021
663,holt_winters,3,2015-06-19,2015-06-20,2015-07-31,982.607521804162,1124.4806713819778,15.80588490348255,15.73397786686192,-1.7204876741226565
663,sarima,3,2015-06-19,2015-06-20,2015-07-31,979.3944901173447,1120.8848484427779,16.249313786699588,15.682529278972943,1.5993702646673478
682,naive,1,2015-03-27,2015-03-28,2015-05-08,3291.809523809524,3856.9282127225597,30.573793721981207,27.412818133510992,0.7804135239953366
682,seasonal_naive,1,2015-03-27,2015-03-28,2015-05-08,2703.6190476190477,3626.540086639054,19.98927860253322,22.514612925995543,-13.307478169835116
682,moving_average_7,1,2015-03-27,2015-03-28,2015-05-08,3312.7551020408164,4173.813229020711,26.569643954308585,27.587244181738463,-13.307478169835122
682,holt_winters,1,2015-03-27,2015-03-28,2015-05-08,2312.289938202174,3036.658646524211,17.46023829330547,19.255787155791502,-9.614551466235131
682,sarima,1,2015-03-27,2015-03-28,2015-05-08,2183.209769594038,2689.5430292495853,18.120689483940048,18.180861294770594,-1.3753618266930048
682,naive,2,2015-05-08,2015-05-09,2015-06-19,2659.5,3241.9470083210654,28.454202708831406,23.309133631186523,9.135300611218117
682,seasonal_naive,2,2015-05-08,2015-05-09,2015-06-19,1862.2619047619048,2497.10495707863,18.83415320538868,16.32175656866448,6.842763148284561
682,moving_average_7,2,2015-05-08,2015-05-09,2015-06-19,2611.513605442177,3167.5484581445435,27.471380948582325,22.888557852571317,6.842763148284554
682,holt_winters,2,2015-05-08,2015-05-09,2015-06-19,1606.679210113113,2137.0670917362863,16.037187422554524,14.081707242329673,7.612112496969021
682,sarima,2,2015-05-08,2015-05-09,2015-06-19,1417.2090443209938,1945.24978913207,13.313792230554522,12.421099829819209,4.05410070226508
682,naive,3,2015-06-19,2015-06-20,2015-07-31,3679.904761904762,4358.773959334371,40.84233378157955,32.831166624182174,29.10655110884527
682,seasonal_naive,3,2015-06-19,2015-06-20,2015-07-31,1807.4761904761904,2501.2171418084017,16.726068692319004,16.12583906873991,12.35916390517461
682,moving_average_7,3,2015-06-19,2015-06-20,2015-07-31,2750.5646258503402,3205.3840261506953,29.22045521685106,24.53983224694415,12.359163905174613
682,holt_winters,3,2015-06-19,2015-06-20,2015-07-31,2550.424905465186,3001.7856126443885,25.969880957219377,22.75423698477734,21.504132871643968
682,sarima,3,2015-06-19,2015-06-20,2015-07-31,1530.7651179520162,1849.5437877352895,13.911599807858078,13.657093838470704,5.000169812873103
732,naive,1,2015-03-27,2015-03-28,2015-05-08,1783.7738095238096,2397.4866862433846,48.2766167360245,31.520410631830277,-5.603483638888012
732,seasonal_naive,1,2015-03-27,2015-03-28,2015-05-08,1678.0119047619048,2369.1194730069974,25.866178013379375,29.65153092886519,-26.40181755072418
732,moving_average_7,1,2015-03-27,2015-03-28,2015-05-08,2233.7261904761904,2807.087748005039,46.449094092293855,39.47135359145078,-26.40181755072418
732,holt_winters,1,2015-03-27,2015-03-28,2015-05-08,1763.5140897666518,2394.8026385027897,32.29880478436635,31.162408578755006,-21.487569673121783
732,sarima,1,2015-03-27,2015-03-28,2015-05-08,1724.2558349239525,2358.6182988115775,31.36323132457673,30.4686904028719,-20.944300012343085
732,naive,2,2015-05-08,2015-05-09,2015-06-19,1956.2857142857142,2251.5139456861125,36.84073032502535,30.44577018564494,-15.025753140400933
732,seasonal_naive,2,2015-05-08,2015-05-09,2015-06-19,1486.3333333333333,1738.66066406355,25.55586435582941,23.131878311779747,-8.862785785748693
732,moving_average_7,2,2015-05-08,2015-05-09,2015-06-19,1739.095238095238,2112.220136435098,35.517878095982994,27.065624189424536,-8.862785785748693
732,holt_winters,2,2015-05-08,2015-05-09,2015-06-19,1409.7027092391677,1740.8878393866366,23.440042238515474,21.939272163651033,-17.006907585242693
732,sarima,2,2015-05-08,2015-05-09,2015-06-19,1043.5015472661755,1436.6897298877561,17.373970037559268,16.240065581642778,-8.854296901026705
732,naive,3,2015-06-19,2015-06-20,2015-07-31,2411.5,2871.915185609306,30.44267892093531,29.34794892078201,-19.069516764171528
732,seasonal_naive,3,2015-06-19,2015-06-20,2015-07-31,1727.0238095238096,2057.5446937227553,21.047768115198885,21.017875408202,-15.919225988160335
732,moving_average_7,3,2015-06-19,2015-06-20,2015-07-31,2308.316326530612,2739.285043148859,30.074393435391123,28.09220387477818,-15.91922598816033
732,holt_winters,3,2015-06-19,2015-06-20,2015-07-31,1808.6652569980897,2150.6439977030295,20.97271221712176,22.011451618151774,-16.698626233751796
732,sarima,3,2015-06-19,2015-06-20,2015-07-31,1485.6931087921696,1786.5072056649806,17.433263835974863,18.080881388675273,-12.637624037832213
789,naive,1,2015-03-27,2015-03-28,2015-05-08,447.35714285714283,539.8058072342401,11.210523124377932,11.164987966841965,-1.8664765130582048
789,seasonal_naive,1,2015-03-27,2015-03-28,2015-05-08,486.9047619047619,644.5008773868201,11.463848350488421,12.152004040764181,-8.50521436848204
789,moving_average_7,1,2015-03-27,2015-03-28,2015-05-08,508.7142857142857,633.981316383858,12.033937399673556,12.696318744986185,-8.50521436848204
789,holt_winters,1,2015-03-27,2015-03-28,2015-05-08,475.05371834025425,609.321262981738,11.20076577507019,11.856229711674052,-7.90006180895296
789,sarima,1,2015-03-27,2015-03-28,2015-05-08,476.98631550299467,614.0710000338153,11.228075711707772,11.904462816725065,-8.077238626133092
789,naive,2,2015-05-08,2015-05-09,2015-06-19,298.6666666666667,374.2296531988524,8.031360133584005,7.707811040652804,2.7650788969178586
789,seasonal_naive,2,2015-05-08,2015-05-09,2015-06-19,508.9047619047619,623.3047103181251,13.764598294687854,13.133510298382737,3.367866096445952
789,moving_average_7,2,2015-05-08,2015-05-09,2015-06-19,304.078231292517,381.57370388510606,8.214298659490789,7.847469470017766,3.3678660964459475
789,holt_winters,2,2015-05-08,2015-05-09,2015-06-19,230.54340017223382,290.7163013849005,5.900335048985047,5.949726445972706,-2.238848375677897
789,sarima,2,2015-05-08,2015-05-09,2015-06-19,208.20708410676949,282.1131265749463,5.51192162517086,5.373284134889347,1.580172584512665
789,naive,3,2015-06-19,2015-06-20,2015-07-31,359.35714285714283,449.0513545772009,9.72957796160856,9.405496354458776,1.7087306038511874
789,seasonal_naive,3,2015-06-19,2015-06-20,2015-07-31,375.73809523809524,495.54089014885926,9.545124353656401,9.834236929021001,-2.7350906711534866
789,moving_average_7,3,2015-06-19,2015-06-20,2015-07-31,362.0170068027211,456.40458428659883,9.385669645545796,9.475113283301729,-2.735090671153485
789,holt_winters,3,2015-06-19,2015-06-20,2015-07-31,264.34034680360867,326.6753243755865,6.905271480744933,6.918610684708396,-0.07579027853756437
789,sarima,3,2015-06-19,2015-06-20,2015-07-31,263.5789368491861,330.65788109797467,7.002701468159545,6.8986822132895975,1.4965966745343058
843,naive,1,2015-03-27,2015-03-28,2015-05-08,2822.035714285714,3603.2477396299228,24.647256215274346,27.497978695391424,-24.201251178852683
843,seasonal_naive,1,2015-03-27,2015-03-28,2015-05-08,3143.6785714285716,4005.161754770749,27.133218209487907,30.63207384112836,-28.983478082330027
843,moving_average_7,1,2015-03-27,2015-03-28,2015-05-08,3170.624149659864,3957.549264976088,27.58224500959982,30.894632154047024,-28.983478082330027
843,holt_winters,1,2015-03-27,2015-03-28,2015-05-08,2513.3152503590327,3374.3417184938176,21.97352192621305,24.489799636241585,-19.71354913723218
843,sarima,1,2015-03-27,2015-03-28,2015-05-08,2336.166886282963,3095.961711655373,20.875976132405576,22.763662041090644,-16.254698394752808
843,naive,2,2015-05-08,2015-05-09,2015-06-19,1212.0238095238096,1505.5714708055887,14.501798037849667,13.10710984430077,5.081917827265775
843,seasonal_naive,2,2015-05-08,2015-05-09,2015-06-19,1629.4285714285713,2016.3591327232364,19.33565290330145,17.621022872106227,12.046284924184489
843,moving_average_7,2,2015-05-08,2015-05-09,2015-06-19,1396.2619047619048,1812.9394511962344,17.33011753165577,15.099503832616247,12.046284924184489
843,holt_winters,2,2015-05-08,2015-05-09,2015-06-19,1321.4701924678295,1660.4524411042187,16.122596605437916,14.290688708046265,9.683448589247066
843,sarima,2,2015-05-08,2015-05-09,2015-06-19,1199.141020512965,1478.450717323422,14.415032074350965,12.967792341344758,6.1484043038199285
843,naive,3,2015-06-19,2015-06-20,2015-07-31,1717.595238095238,2057.201115246496,18.688634223731952,17.884520031733437,2.1157278857596196
843,seasonal_naive,3,2015-06-19,2015-06-20,2015-07-31,1750.404761904762,2068.9354060206215,19.518727185383586,18.22615033716779,3.6062078540261804
843,moving_average_7,3,2015-06-19,2015-06-20,2015-07-31,1758.4931972789116,2076.2314025018245,19.378441546792025,18.310371451238172,3.606207854026177
843,holt_winters,3,2015-06-19,2015-06-20,2015-07-31,1743.0408478082584,2040.848150490018,19.00500869778589,18.14947332604791,3.5737954223444093
843,sarima,3,2015-06-19,2015-06-20,2015-07-31,1610.5495349899984,2104.9860537106547,16.07557500332287,16.769902932759802,-5.9325380744484155
857,naive,1,2015-03-27,2015-03-28,2015-05-08,2105.690476190476,2493.7292068592487,21.687673127298517,22.98699104578476,-17.40496705524582
857,seasonal_naive,1,2015-03-27,2015-03-28,2015-05-08,2294.5476190476193,2780.128294401777,23.212753489816308,25.048669863672394,-22.833638738352374
857,moving_average_7,1,2015-03-27,2015-03-28,2015-05-08,2407.4523809523807,2837.5483255796726,24.25912678963992,26.28120654476458,-22.833638738352374
857,holt_winters,1,2015-03-27,2015-03-28,2015-05-08,2165.7389130891447,2624.5594980290466,21.661241775964594,23.642516108423738,-21.719010908620703
857,sarima,1,2015-03-27,2015-03-28,2015-05-08,1590.126753427472,1952.347826536208,16.928835126703458,17.358785565117245,-9.26953517870128
857,naive,2,2015-05-08,2015-05-09,2015-06-19,1238.892857142857,1524.7663792343358,16.058981627428583,14.516270771754458,4.7745916788836364
857,seasonal_naive,2,2015-05-08,2015-05-09,2015-06-19,1561.25,1900.4693727182798,19.558692133993347,18.293371869677596,12.390727285154533
857,moving_average_7,2,2015-05-08,2015-05-09,2015-06-19,1473.2023809523807,1810.2892130963244,19.819264272390853,17.26170632125306,12.390727285154533
857,holt_winters,2,2015-05-08,2015-05-09,2015-06-19,1132.8439048233718,1323.628732741576,14.250892669391103,13.273681230572679,3.2398745822889
857,sarima,2,2015-05-08,2015-05-09,2015-06-19,1117.9289207571614,1328.678644191539,14.073137831096275,13.098920397936329,3.0148986990933735
857,naive,3,2015-06-19,2015-06-20,2015-07-31,1424.8095238095239,1700.4269036809271,17.021218585464233,16.74754700294975,-5.3431397242792125
857,seasonal_naive,3,2015-06-19,2015-06-20,2015-07-31,1269.2142857142858,1573.560952562236,16.731828014752384,14.918643897032895,3.678236192970967
857,moving_average_7,3,2015-06-19,2015-06-20,2015-07-31,1351.5714285714287,1668.1548974554978,17.697236571820994,15.886689167632193,3.678236192970967
857,holt_winters,3,2015-06-19,2015-06-20,2015-07-31,1248.7142417189543,1590.3715806724158,14.536546108415807,14.677681547583967,-6.553269498150849
857,sarima,3,2015-06-19,2015-06-20,2015-07-31,1203.5485769041782,1454.851790259535,14.447640773837481,14.146793676774047,-3.2282387233669816
897,naive,1,2015-03-27,2015-03-28,2015-05-08,1209.345238095238,1520.9206665509544,28.911283437343204,32.13810034515595,-26.866167440182988
897,seasonal_naive,1,2015-03-27,2015-03-28,2015-05-08,1119.8690476190477,1463.7797735756226,26.269394169216888,29.76028903251932,-24.67374695101696
897,moving_average_7,1,2015-03-27,2015-03-28,2015-05-08,1162.202380952381,1467.3775304259439,28.06495174013939,30.88528863706108,-24.67374695101696
897,holt_winters,1,2015-03-27,2015-03-28,2015-05-08,957.3021063710211,1206.252587408719,24.61272838244691,25.44010608884389,-14.322278220652251
897,sarima,1,2015-03-27,2015-03-28,2015-05-08,890.0620523185195,1120.411973721768,24.188662444971598,23.653215516754976,-7.714657538084789
897,naive,2,2015-05-08,2015-05-09,2015-06-19,852.7857142857143,1031.285373291031,29.323377116932225,24.546314317826695,21.78376600235752
897,seasonal_naive,2,2015-05-08,2015-05-09,2015-06-19,823.5952380952381,967.1035329199473,26.019131537390212,23.706104882261027,16.602702924970533
897,moving_average_7,2,2015-05-08,2015-05-09,2015-06-19,743.2380952380952,907.4679567855785,25.49082956352201,21.393130294141834,16.602702924970533
897,holt_winters,2,2015-05-08,2015-05-09,2015-06-19,576.333410163564,695.5948892359521,18.749682972202248,16.588998620349855,9.103400650918102
897,sarima,2,2015-05-08,2015-05-09,2015-06-19,560.1343637868298,680.3696602832321,18.033800207859873,16.122730392175534,7.156646608969224
897,naive,3,2015-06-19,2015-06-20,2015-07-31,634.7261904761905,788.7888885590908,22.558374734475514,19.383559402755004,15.588065279590493
897,seasonal_naive,3,2015-06-19,2015-06-20,2015-07-31,580.3690476190476,700.8236693178894,19.54297729130618,17.723576053485928,11.585345902575044
897,moving_average_7,3,2015-06-19,2015-06-20,2015-07-31,572.7431972789116,711.02693709318,20.13998134149928,17.490694339634402,11.585345902575051
897,holt_winters,3,2015-06-19,2015-06-20,2015-07-31,521.9475415806616,607.0114247834382,17.23001968813534,15.939473318030984,7.397960839013604
897,sarima,3,2015-06-19,2015-06-20,2015-07-31,539.5340340325126,612.8271914354845,17.951026981217296,16.476537687268394,9.330896560459987
1081,naive,1,2015-03-27,2015-03-28,2015-05-08,1564.3809523809523,1928.3530846418191,39.888345220529054,31.45598345429824,-4.428464735058121
1081,seasonal_naive,1,2015-03-27,2015-03-28,2015-05-08,1252.904761904762,1624.0514594239748,24.35438825666804,25.19293743656523,-11.942970949271338
1081,moving_average_7,1,2015-03-27,2015-03-28,2015-05-08,1597.496598639456,2005.696944030308,37.452606310975696,32.12186040658436,-11.94297094927133
1081,holt_winters,1,2015-03-27,2015-03-28,2015-05-08,1120.02853978759,1366.5560698793013,24.249711319361516,22.521112368620035,-8.844281098032504
1081,sarima,1,2015-03-27,2015-03-28,2015-05-08,1204.991572235821,1534.6845427994772,23.597911270258734,24.229517050261627,-14.595438779100844
1081,naive,2,2015-05-08,2015-05-09,2015-06-19,2006.6666666666667,2456.247292498205,35.65901930664111,31.0382417064404,-18.77983029874492
1081,seasonal_naive,2,2015-05-08,2015-05-09,2015-06-19,1696.142857142857,2104.394257375787,27.456989218322704,26.235195333215483,-12.811560898002474
1081,moving_average_7,2,2015-05-08,2015-05-09,2015-06-19,1826.1564625850338,2290.210712760627,34.828407527155996,28.246188876823485,-12.811560898002472
1081,holt_winters,2,2015-05-08,2015-05-09,2015-06-19,1837.1501812204679,2175.0934432491385,28.013252709178882,28.416234904859632,-27.333088540947458
1081,sarima,2,2015-05-08,2015-05-09,2015-06-19,1777.798300161657,2120.1863139328693,26.10101724596614,27.4982059862374,-26.389746628895384
1081,naive,3,2015-06-19,2015-06-20,2015-07-31,2252.1190476190477,2808.2415909841757,54.09986711157304,34.92314906091586,30.629243600677867
1081,seasonal_naive,3,2015-06-19,2015-06-20,2015-07-31,1089.8809523809523,1505.954775454524,18.811702604584323,16.900560829096655,14.807881882524947
1081,moving_average_7,3,2015-06-19,2015-06-20,2015-07-31,1686.595238095238,2212.834818818194,40.934316238573274,26.1536871097918,14.807881882524942
1081,holt_winters,3,2015-06-19,2015-06-20,2015-07-31,1961.6486206344914,2212.644466042289,38.744411018544284,30.418883609187645,29.670871314497475
1081,sarima,3,2015-06-19,2015-06-20,2015-07-31,1281.1185506540205,1510.1594132610592,24.824978094260803,19.866043119032696,15.96506202166067
1097,naive,1,2015-03-27,2015-03-28,2015-05-08,1976.0238095238096,2567.738763414779,16.89030194640784,18.241222045167316,-12.958294411780866
1097,seasonal_naive,1,2015-03-27,2015-03-28,2015-05-08,1480.7380952380952,2226.9577101636087,12.046275265608845,13.669102697950436,-12.72619374690917
1097,moving_average_7,1,2015-03-27,2015-03-28,2015-05-08,1964.0510204081636,2554.0803721925136,16.80836234914128,18.130697919037942,-12.726193746909175
1097,holt_winters,1,2015-03-27,2015-03-28,2015-05-08,1739.1692635868114,2389.7163262581093,14.557317363493402,16.054752254661484,-15.807407790910027
1097,sarima,1,2015-03-27,2015-03-28,2015-05-08,1209.981160383754,1901.0381080242955,9.79250322431545,11.16967058324472,-8.538174229870652
1097,naive,2,2015-05-08,2015-05-09,2015-06-19,1715.3333333333333,2344.199538475869,14.457479304835385,15.293238573163173,-7.5451511832284694
1097,seasonal_naive,2,2015-05-08,2015-05-09,2015-06-19,1053.7142857142858,1786.5128842844335,8.311716343469426,9.394502891204116,-5.47800392286726
1097,moving_average_7,2,2015-05-08,2015-05-09,2015-06-19,1677.1564625850338,2270.8136064798778,14.411384951393247,14.952868581520795,-5.478003922867257
1097,holt_winters,2,2015-05-08,2015-05-09,2015-06-19,1355.4505634517786,2006.5247739121,10.844352852172099,12.084665084140982,-10.172939178666859
1097,sarima,2,2015-05-08,2015-05-09,2015-06-19,1099.0100742664642,1672.07740921074,9.039022829672316,9.798342359152826,-2.8054163132249412
1097,naive,3,2015-06-19,2015-06-20,2015-07-31,1319.1190476190477,1630.8884738956597,12.661771975796308,12.334445748074794,0.16274353088898932
1097,seasonal_naive,3,2015-06-19,2015-06-20,2015-07-31,941.9761904761905,1116.1112869073158,8.970400145398202,8.807964859864684,4.057901966502884
1097,moving_average_7,3,2015-06-19,2015-06-20,2015-07-31,1418.8537414965988,1687.5513688326587,14.080744878321166,13.267016749193997,4.05790196650289
1097,holt_winters,3,2015-06-19,2015-06-20,2015-07-31,755.622724317064,949.75202334743,7.111351372537294,7.0654635121248806,1.3236834455997861
1097,sarima,3,2015-06-19,2015-06-20,2015-07-31,1001.6330988877087,1135.805381057513,9.730598493434444,9.365787826357277,5.971467256398063
20,random_forest,1,2015-03-27,2015-03-28,2015-05-08,637.7246763134603,966.4099261465909,9.583920266861933,9.313021608043524,-2.0002144429269655
29,random_forest,1,2015-03-27,2015-03-28,2015-05-08,744.4678831140433,1200.47634823335,9.51613918577184,10.200153027095826,-2.849288464029391
98,random_forest,1,2015-03-27,2015-03-28,2015-05-08,570.7128114577413,808.4508835174712,11.531904920415226,11.986767055670917,-4.16312978913608
192,random_forest,1,2015-03-27,2015-03-28,2015-05-08,1163.8040949565996,1627.5920000741435,10.112973466710619,10.848069063146172,-5.087556392429215
198,random_forest,1,2015-03-27,2015-03-28,2015-05-08,549.6453848657502,706.8340698604451,37.884844143583884,22.026932334988654,15.583948050455335
299,random_forest,1,2015-03-27,2015-03-28,2015-05-08,1771.5539562137358,2565.628085208769,26.656855190639412,28.75176929148788,-9.517171807458077
335,random_forest,1,2015-03-27,2015-03-28,2015-05-08,1630.8913441654486,2348.9240549475967,11.726772708348802,11.22432220662847,-3.724684746231941
475,random_forest,1,2015-03-27,2015-03-28,2015-05-08,524.6789091953042,789.7669683267553,9.20550455002795,9.56296506891405,-2.4132958009575156
494,random_forest,1,2015-03-27,2015-03-28,2015-05-08,1072.0618160135475,1399.7197877046053,14.42383334535085,13.550065384856062,1.4870063935210622
512,random_forest,1,2015-03-27,2015-03-28,2015-05-08,836.0191638457992,1274.2071294291393,12.468782060667689,12.831423286761254,-0.6059770900988215
524,random_forest,1,2015-03-27,2015-03-28,2015-05-08,1288.677455240313,1830.8604208529898,24.664541781105704,16.87271163818716,-4.48148990964891
565,random_forest,1,2015-03-27,2015-03-28,2015-05-08,631.712290970171,984.6577534218545,10.825726773807599,10.972624687551823,-2.2398986430930137
642,random_forest,1,2015-03-27,2015-03-28,2015-05-08,404.3038353504397,580.0958223464439,12.544322200270072,12.751574038957743,0.5950230051008066
663,random_forest,1,2015-03-27,2015-03-28,2015-05-08,623.8147318777823,859.2647464970715,12.044231090212937,12.43095126294889,-4.934824548678445
682,random_forest,1,2015-03-27,2015-03-28,2015-05-08,1678.5092496440545,2106.371702564773,14.719015960799958,13.977925655509745,-4.294729695907557
732,random_forest,1,2015-03-27,2015-03-28,2015-05-08,1431.32032042357,1983.6093180089638,28.129843061762116,27.401681719795217,-8.27469421217908
789,random_forest,1,2015-03-27,2015-03-28,2015-05-08,469.53162802231753,634.7440652792187,15.034292797824397,15.111825938678072,0.7393521992178862
843,random_forest,1,2015-03-27,2015-03-28,2015-05-08,1355.2339323466765,2014.1129033548648,16.35646750704022,17.349638088412835,-6.0747601406963305
857,random_forest,1,2015-03-27,2015-03-28,2015-05-08,957.6173457232074,1440.7122320121878,13.31825358845376,13.838305723321032,-4.95924233884415
897,random_forest,1,2015-03-27,2015-03-28,2015-05-08,660.2063333617768,913.190428057427,23.77968346293012,23.28320388368303,3.1858155378445177
1081,random_forest,1,2015-03-27,2015-03-28,2015-05-08,1002.6775333791858,1449.4497341845295,22.529792567798967,20.161462495416323,-9.18817337345029
1097,random_forest,1,2015-03-27,2015-03-28,2015-05-08,1285.400164607102,2396.1196169414534,10.43245095994185,11.865884260343597,-2.9798269397538086
20,xgboost,1,2015-03-27,2015-03-28,2015-05-08,745.5037781397501,1118.7032038559116,11.267772333749857,10.886975292894176,-0.049094168440411805
29,xgboost,1,2015-03-27,2015-03-28,2015-05-08,515.1163300105503,760.1653820679708,7.031151169986742,7.057746226587345,-0.45363237468458856
98,xgboost,1,2015-03-27,2015-03-28,2015-05-08,445.48981403169176,623.6118936313419,9.297099611217906,9.356689598105243,-0.40714094327283856
192,xgboost,1,2015-03-27,2015-03-28,2015-05-08,877.4731645129975,1127.6390024171244,7.715754280780082,8.179116683765749,0.7902478209263286
198,xgboost,1,2015-03-27,2015-03-28,2015-05-08,396.4031280562991,515.2709893061128,24.63582796739711,15.88577857559307,4.516799319523408
299,xgboost,1,2015-03-27,2015-03-28,2015-05-08,1454.9326001121885,2126.5100424066013,22.395469187842103,23.61310323423379,-4.619524681736514
335,xgboost,1,2015-03-27,2015-03-28,2015-05-08,1247.9166201636904,1755.9856100769969,9.429766642229238,8.588566173849955,-4.486049289113311
475,xgboost,1,2015-03-27,2015-03-28,2015-05-08,412.2096569878714,569.3627294688804,7.190191885555848,7.513064622494142,1.7196960360156837
494,xgboost,1,2015-03-27,2015-03-28,2015-05-08,756.7035784040179,966.4205098296828,10.439044812746252,9.564171404272296,2.762002363324862
512,xgboost,1,2015-03-27,2015-03-28,2015-05-08,672.1095145089286,825.2550363458026,10.52868656960793,10.315698549362866,4.369246336863733
524,xgboost,1,2015-03-27,2015-03-28,2015-05-08,977.4213489350818,1370.73773396576,17.29572535929486,12.797421497929564,-3.185604231656976
565,xgboost,1,2015-03-27,2015-03-28,2015-05-08,513.9586299714588,825.2060032931062,8.39733084657326,8.927284196012948,-0.5425603087399269
642,xgboost,1,2015-03-27,2015-03-28,2015-05-08,274.2392814272926,385.2996888633618,8.266335525057212,8.649392352361932,0.8804763471503906
663,xgboost,1,2015-03-27,2015-03-28,2015-05-08,496.2421435742151,715.011356122799,9.745960567091466,9.888772396931685,0.42815417503512654
682,xgboost,1,2015-03-27,2015-03-28,2015-05-08,1351.6892671130952,1676.3912865349982,12.075144340919893,11.256305015336633,-2.498103445562389
732,xgboost,1,2015-03-27,2015-03-28,2015-05-08,1185.598746526809,1593.9436202157256,22.35251323973367,22.697504560056693,-3.566427288998026
789,xgboost,1,2015-03-27,2015-03-28,2015-05-08,413.0429400489444,547.0372446124586,12.88995445207561,13.293743472639516,3.9011187855083023
843,xgboost,1,2015-03-27,2015-03-28,2015-05-08,939.5109221594674,1369.6669350493773,11.18451318635401,12.027572576605237,-2.9504809244044408
857,xgboost,1,2015-03-27,2015-03-28,2015-05-08,619.6680857340494,811.0912286922384,8.999090375730798,8.954679502903943,-0.013283150678471063
897,xgboost,1,2015-03-27,2015-03-28,2015-05-08,512.8051989873251,679.8572820417495,17.374255305839554,18.084873466507396,1.6913424852049668
1081,xgboost,1,2015-03-27,2015-03-28,2015-05-08,849.9972635904948,1277.467799798486,19.528542365748066,17.091425089910178,-4.61157058367801
1097,xgboost,1,2015-03-27,2015-03-28,2015-05-08,810.9007975260416,996.961294630886,7.420382616959745,7.48564943042887,2.2145871467869114
20,random_forest,2,2015-05-08,2015-05-09,2015-06-19,853.6285163674145,1133.6688132058175,12.485344344033852,12.754276109808007,-3.0800108435910816
29,random_forest,2,2015-05-08,2015-05-09,2015-06-19,743.5911444262659,1013.0843612707197,9.982941743751143,10.725240587212188,-1.804997563927194
98,random_forest,2,2015-05-08,2015-05-09,2015-06-19,486.11006349057936,661.3527079095231,10.99677268533141,10.723917275928825,0.18094181165653073
192,random_forest,2,2015-05-08,2015-05-09,2015-06-19,1198.0477506360396,1558.0438053348898,11.277890770144376,11.414016188654868,-3.7217794821785666
198,random_forest,2,2015-05-08,2015-05-09,2015-06-19,677.1450911738981,874.6579850331265,52.52506616669091,29.505538836696843,25.692851228197256
299,random_forest,2,2015-05-08,2015-05-09,2015-06-19,1077.434629919569,1535.753809190841,16.101197643434357,15.675196478061673,-7.390619138776897
335,random_forest,2,2015-05-08,2015-05-09,2015-06-19,1900.9446260849272,2486.5617673584734,14.239760161609643,13.569452681025965,-1.2143651105825635
475,random_forest,2,2015-05-08,2015-05-09,2015-06-19,410.3042551736177,649.6758490109447,7.474072994235341,7.602920108220218,-2.5528465487667584
494,random_forest,2,2015-05-08,2015-05-09,2015-06-19,761.2104889590859,894.0903494038703,10.459379163190771,9.635575809608682,1.2043973150716338
512,random_forest,2,2015-05-08,2015-05-09,2015-06-19,966.1821770578923,1136.6918970085126,14.958877146388142,14.625142427488685,3.966112821295445
524,random_forest,2,2015-05-08,2015-05-09,2015-06-19,965.3291901017662,1247.5401613320626,21.902265843888213,13.597097720931714,-0.513313107302326
565,random_forest,2,2015-05-08,2015-05-09,2015-06-19,438.3209951732452,641.5001210019718,7.8625703365171455,7.7705991242639865,-1.1842724237606386
642,random_forest,2,2015-05-08,2015-05-09,2015-06-19,291.78929612499314,431.4869682909772,10.423845082368858,9.843968735240022,1.98027040701899
663,random_forest,2,2015-05-08,2015-05-09,2015-06-19,470.8812663228805,734.1195344744093,8.98140872357693,9.658678341641139,-1.351339139421856
682,random_forest,2,2015-05-08,2015-05-09,2015-06-19,929.849750154181,1176.8752211806911,8.296437317916935,8.1496492134872,-1.5920032006011042
732,random_forest,2,2015-05-08,2015-05-09,2015-06-19,1020.0975650427083,1487.547933130176,15.422562119260547,15.875828262420333,-5.967234764839905
789,random_forest,2,2015-05-08,2015-05-09,2015-06-19,255.3549078605776,383.6044286929137,8.300670972224477,8.363804203497043,-1.7148684743962603
843,random_forest,2,2015-05-08,2015-05-09,2015-06-19,730.6492059500304,1117.596908349122,9.928786646720466,9.855816268491747,-3.706280086961749
857,random_forest,2,2015-05-08,2015-05-09,2015-06-19,710.2122501018998,1091.268291235912,10.654588582960717,10.80738193303737,-1.9095335603980232
897,random_forest,2,2015-05-08,2015-05-09,2015-06-19,454.65174602596994,747.3853319209495,15.790273428054318,16.947152306694182,9.55702815748076
1081,random_forest,2,2015-05-08,2015-05-09,2015-06-19,1011.6588770240411,1413.9606320335376,16.939959683102916,15.647896719038995,-8.033957797165677
1097,random_forest,2,2015-05-08,2015-05-09,2015-06-19,1693.028250140851,3390.183901751206,12.972718108413654,15.09437520822523,-5.623024120416614
20,xgboost,2,2015-05-08,2015-05-09,2015-06-19,873.0731316975185,1193.504438359644,12.683618065967083,13.044802946732945,-3.3006867388026806
29,xgboost,2,2015-05-08,2015-05-09,2015-06-19,604.3068996213731,876.7136724271996,8.184535086643452,8.716264220645515,-1.7024352324607057
98,xgboost,2,2015-05-08,2015-05-09,2015-06-19,434.6611533846174,608.7860178838827,9.504538286622259,9.588919469153884,-0.6610160846150777
192,xgboost,2,2015-05-08,2015-05-09,2015-06-19,1008.2015226454962,1259.471017034735,9.793995463160718,9.605317062523442,-1.0143466712746823
198,xgboost,2,2015-05-08,2015-05-09,2015-06-19,463.1233880179269,614.4529307782054,30.145421524890438,20.179877679769405,8.161955935749079
299,xgboost,2,2015-05-08,2015-05-09,2015-06-19,915.0370803106399,1291.0345454302008,13.038389677687324,13.31253481211377,-6.856984857978754
335,xgboost,2,2015-05-08,2015-05-09,2015-06-19,1396.302711123512,1743.685404098496,10.327489709136639,9.967183318748747,-2.3884855045884614
475,xgboost,2,2015-05-08,2015-05-09,2015-06-19,403.01947473841057,582.510132293571,7.252114421720149,7.467933441724717,-1.250912292938435
494,xgboost,2,2015-05-08,2015-05-09,2015-06-19,680.5363071986607,852.7350710856122,9.12240902426617,8.614383635426085,0.9585707045377485
512,xgboost,2,2015-05-08,2015-05-09,2015-06-19,566.1639694940476,695.4738685399473,8.842063511923303,8.570049094029878,3.136648076671832
524,xgboost,2,2015-05-08,2015-05-09,2015-06-19,810.5246792747861,995.5479329108705,13.944898994350938,11.41660625445738,-1.4556990489208752
565,xgboost,2,2015-05-08,2015-05-09,2015-06-19,434.6167160215832,613.6812273733722,7.444987313201707,7.704929287206428,-1.1791521768498456
642,xgboost,2,2015-05-08,2015-05-09,2015-06-19,296.01200557890394,440.0953325878339,9.851106751804696,9.986428449816028,3.2604850339937785
663,xgboost,2,2015-05-08,2015-05-09,2015-06-19,506.49270866030736,759.1490979560701,9.711421777561876,10.389137358422786,-1.5375051937666184
682,xgboost,2,2015-05-08,2015-05-09,2015-06-19,926.6990559895834,1199.13681537202,8.320783360409589,8.122035018595826,-2.884102953877447
732,xgboost,2,2015-05-08,2015-05-09,2015-06-19,920.9267113095239,1297.2520387523234,14.79243345543779,14.33242741875718,-8.395259248087042
789,xgboost,2,2015-05-08,2015-05-09,2015-06-19,320.9884969166347,487.2336637933681,10.046419071495457,10.513543531543833,-1.1068552849138993
843,xgboost,2,2015-05-08,2015-05-09,2015-06-19,568.5091536385672,890.5030002300831,7.77041973850538,7.668689323944419,-1.6602780436213078
857,xgboost,2,2015-05-08,2015-05-09,2015-06-19,594.9027073752312,835.9425544154929,8.765502955682942,9.052703287896854,0.18206002226307938
897,xgboost,2,2015-05-08,2015-05-09,2015-06-19,334.6760306131272,455.93043909297637,12.778161120408212,12.475055278631956,4.983501093401739
1081,xgboost,2,2015-05-08,2015-05-09,2015-06-19,942.0205572219122,1274.6387544825773,15.735005358748685,14.570761668184076,-9.534391318119997
1097,xgboost,2,2015-05-08,2015-05-09,2015-06-19,758.0314243861607,1060.086368058918,6.681253963281388,6.7583105824478755,0.5855147093259907
20,random_forest,3,2015-06-19,2015-06-20,2015-07-31,774.7885959652573,999.572609774271,10.874598296882947,10.593847390871765,-0.6448924345021597
29,random_forest,3,2015-06-19,2015-06-20,2015-07-31,627.9507983164489,871.9422777258096,9.831701212470028,9.358930299068808,6.058095626852218
98,random_forest,3,2015-06-19,2015-06-20,2015-07-31,545.704485681875,758.4224191510808,11.007216026690317,11.344589888996612,3.18188580450799
192,random_forest,3,2015-06-19,2015-06-20,2015-07-31,1019.6810545423231,1446.6404347528924,8.672739291445236,9.06028418307701,-3.2377564759029127
198,random_forest,3,2015-06-19,2015-06-20,2015-07-31,516.026110484802,663.0977731625079,36.50530425522399,21.794053638052873,18.587932508698728
299,random_forest,3,2015-06-19,2015-06-20,2015-07-31,996.7799794000838,1280.2727331658616,12.425420828821848,11.920557387799338,-5.807064824731436
335,random_forest,3,2015-06-19,2015-06-20,2015-07-31,1565.472320184035,2215.067564396541,11.96661538459068,11.701882886150537,6.1095620050053
475,random_forest,3,2015-06-19,2015-06-20,2015-07-31,539.8331947079221,752.5938336552273,10.79690108902844,10.269356869746641,4.568995248897981
494,random_forest,3,2015-06-19,2015-06-20,2015-07-31,579.9074979427527,757.7866323434471,7.952396703015616,7.637204673860544,3.4096221100934314
512,random_forest,3,2015-06-19,2015-06-20,2015-07-31,665.5302538117687,830.6668338938179,10.442458770152323,10.11759002298236,3.6616455002502644
524,random_forest,3,2015-06-19,2015-06-20,2015-07-31,576.4533476019956,749.5238564466135,8.330991137397344,7.496235199916963,-1.519632388445777
565,random_forest,3,2015-06-19,2015-06-20,2015-07-31,479.1301112356402,690.6308181622697,8.929896989103195,8.690839338667097,4.848123324482715
642,random_forest,3,2015-06-19,2015-06-20,2015-07-31,301.05552319530085,407.55220048551,11.662638803469,10.969031754359335,9.973312609611202
663,random_forest,3,2015-06-19,2015-06-20,2015-07-31,477.6011436524608,667.2889935005298,8.756356792859837,9.007902657746751,-0.08602902427321658
682,random_forest,3,2015-06-19,2015-06-20,2015-07-31,933.9314126691322,1092.7790286067082,9.149920474358714,8.332296569824019,4.589210483482046
732,random_forest,3,2015-06-19,2015-06-20,2015-07-31,855.1039499294681,1250.4745474993897,10.975446739564184,10.406612914986093,-4.4785519574112875
789,random_forest,3,2015-06-19,2015-06-20,2015-07-31,342.22899506596696,463.97785790795325,10.415430964378485,10.4058624431844,-0.5913479504108727
843,random_forest,3,2015-06-19,2015-06-20,2015-07-31,929.3805295527203,1348.5843569034082,10.983679174706436,11.354349363317894,-0.49156929608842387
857,random_forest,3,2015-06-19,2015-06-20,2015-07-31,608.5535745973477,865.2378925579612,8.473514156271417,8.505913757983215,-3.3711715877504616
897,random_forest,3,2015-06-19,2015-06-20,2015-07-31,359.4206436640987,487.33093799752635,13.269488389497589,12.993903192504536,3.92826131027866
1081,random_forest,3,2015-06-19,2015-06-20,2015-07-31,520.2665544743339,732.8404603354985,7.976475733140803,8.067666961266989,1.6471468352400802
1097,random_forest,3,2015-06-19,2015-06-20,2015-07-31,734.2401521532773,868.6055702203935,6.9504269888762,6.865525396770876,2.768116255010385
20,xgboost,3,2015-06-19,2015-06-20,2015-07-31,692.2319118635995,926.2529026006919,9.44747170833811,9.46503248958921,-2.3610506850372177
29,xgboost,3,2015-06-19,2015-06-20,2015-07-31,626.6290822596777,833.4094130479453,9.731061304066484,9.33923154482939,5.975225752370953
98,xgboost,3,2015-06-19,2015-06-20,2015-07-31,459.3870334625244,687.1511560128815,9.204704283916293,9.550145970383765,2.2458914755599513
192,xgboost,3,2015-06-19,2015-06-20,2015-07-31,856.9877697172619,1242.1029695405075,7.760558866030497,7.614687652056866,-0.06778885185165597
198,xgboost,3,2015-06-19,2015-06-20,2015-07-31,404.91870521363757,522.4672248199873,28.472716827376466,17.101498938079118,8.911773500965637
299,xgboost,3,2015-06-19,2015-06-20,2015-07-31,1113.7973923456102,1368.673711660321,13.60430548962061,13.319976332016589,-7.991232184528919
335,xgboost,3,2015-06-19,2015-06-20,2015-07-31,1258.6341029575892,1815.1404695934225,9.421007239050219,9.408271663080823,3.632262877915022
475,xgboost,3,2015-06-19,2015-06-20,2015-07-31,457.8260434355055,641.5692584954688,9.219311399684486,8.709318119733506,4.95948805823081
494,xgboost,3,2015-06-19,2015-06-20,2015-07-31,505.88856724330356,630.0849559051363,6.881727741134447,6.662397958138793,2.4396514849516637
512,xgboost,3,2015-06-19,2015-06-20,2015-07-31,483.7161923363095,600.8126494569548,7.317869336860629,7.353598267707059,0.11971032946458951
524,xgboost,3,2015-06-19,2015-06-20,2015-07-31,484.3838849748884,608.8398040495088,7.6794844876087,6.298958179228584,-1.2302152255145316
565,xgboost,3,2015-06-19,2015-06-20,2015-07-31,443.81830124627976,628.2620589343557,8.017862827201677,8.050325916157233,4.292696895932484
642,xgboost,3,2015-06-19,2015-06-20,2015-07-31,260.03455643426804,371.20903852454177,9.803227495605132,9.474422779175747,4.934347516944998
663,xgboost,3,2015-06-19,2015-06-20,2015-07-31,475.34691978636243,697.27223252318,8.385369075694063,8.965386366853277,-0.5646168643084529
682,xgboost,3,2015-06-19,2015-06-20,2015-07-31,648.9224214099702,802.8547778107283,6.220444232505934,5.789519436489666,1.5194642249036132
732,xgboost,3,2015-06-19,2015-06-20,2015-07-31,959.3752208891369,1271.5480243143693,12.243182555247524,11.675594019704892,-8.153795451182736
789,xgboost,3,2015-06-19,2015-06-20,2015-07-31,360.0996275969914,502.1482642634148,10.821077165641947,10.949239382519105,-1.118543514480099
843,xgboost,3,2015-06-19,2015-06-20,2015-07-31,804.4104155131748,1090.0196621485022,9.588164538306494,9.827575033903468,-0.6528279263836335
857,xgboost,3,2015-06-19,2015-06-20,2015-07-31,521.1381755556379,659.6685268436755,7.432668174937246,7.28408567840872,-1.2007675670827813
897,xgboost,3,2015-06-19,2015-06-20,2015-07-31,261.3303338005429,408.665269625664,9.150972036273524,9.447707354958299,-0.3066061638441552
1081,xgboost,3,2015-06-19,2015-06-20,2015-07-31,483.0377139136905,588.9155434716178,9.082852212459242,7.490366951465576,1.881136736359558
1097,xgboost,3,2015-06-19,2015-06-20,2015-07-31,593.0237165178571,721.9843892894474,5.5207346627704545,5.545078643139726,1.5243517670251774
